X;X²;X³;raiz(X);ln(X);X*ln(X)
2;4;8;1.41421;0.693147;1.38629
3;9;27;1.73205;1.09861;3.29584
4;16;64;2;1.38629;5.54518
5;25;125;2.23607;1.60944;8.04719
